%m8it.	%m8它。
%m8to close it.	%m8關閉它。
%m8to open it.	%m8打開它。
%m8to move it.	%m8移動它。
%m8to do that.	%m8那樣做。
\n\nYou've been playing for\n	\n\n你已經玩了\n
Jim Walls, Greg Rowland, Al Lowe, Mark Crowe, Scott Murphy, Ken Williams, Jerry Moore, Jeff Stephenson, Chris Iden and Bob Heitman.	Jim Walls、Greg Rowland、Al Lowe、Mark Crowe、Scott Murphy、Ken Williams、Jerry Moore、Jeff Stephenson、Chris Iden、Bob Heitman。
%m1%m103%v14 days, %v13 hours, %v12 minutes and %v11 seconds.\n	%m1%m103%v14 天、%v13 小時、%v12 分鐘、%v11 秒。\n
%m1%m103%v13 hours, %v12 minutes and %v11 seconds.\n	%m1%m103%v13 小時、%v12 分鐘、%v11 秒。\n
%m1%m103%v12 minutes and %v11 seconds.\n	%m1%m103%v12 分鐘、%v11 秒。\n
%g88	%g88
