First off, thank you for taking time away from your usual afternoon debaucheries to come back to work. There's some late-breaking news on that stolen Mercedes. A missing persons report was filed earlier in the day by the wife of a certain Jose Martinez, Hispanic male, 145 pounds, brown eyes, black hair.	首先，謝謝你暫時放下平日午後的荒唐消遣回來工作。那輛失竊賓士又有最新消息：今天稍早，一名叫 Jose Martinez 的西語裔男子失蹤，他體重 145 磅、棕眼、黑髮；他的妻子已報案。
It seems this gentleman was last seen two days ago, getting into a fairly late-model black Benz. No one has seen or heard from him since. Wait, it gets better. Martinez has an arrest record involving the sale of narcotics. Be careful, people. This car may have been the one involved in the murder of Lonny West.	這位先生最後一次被看見，是兩天前上了一輛較新的黑色賓士。此後沒有人見過或聽過他的消息。更重要的是，Martinez 有販賣毒品的前科。各位小心，這輛車可能就是涉及 Lonny West 謀殺案的車。
Let's get moving on this one, boys and girls, before anyone else dies. Keep your heads down, your eyes open, and above all, watch your backs! Okay, let's move out. And hey, find me that Mercedes before its owner, Malcolm Washington, deep-fries my ass. Let's go!	各位，在再有人送命前趕快行動。低調行事、睜大眼睛，最重要的是注意背後！好了，出發。還有，在車主 Malcolm Washington 把我逼瘋前，先把那輛賓士找出來。行動！
Okay, people, lets--Bonds! What in the hell are you doing out of uniform? This isn't a coffee klatch, this is a damn briefing! As soon as we're done here, get your butt down to the locker room and put on your blues! Do you understand me! Come on, people, this isn't kindergarten!	好了，各位，我們——Bonds！你沒穿制服是在搞什麼？這不是喝咖啡聊天，這是該死的勤務簡報！簡報一結束就給我滾去更衣室穿上制服！聽懂了嗎？各位，這裡不是幼稚園！
That article in this morning's paper sure made you look good, Bonds! Now maybe you can get a date, ha ha!	今天早上的報紙讓你大出風頭，Bonds！現在也許能約到人了，哈哈！
Hey, Sonny. You better grab your seat before Dooley chews up your can.	嘿，Sonny。趕快坐好，免得 Dooley 把你罵到臭頭。
What's up dude? Looks like the briefings going to start. You better grab a seat.	怎麼了，老兄？簡報好像要開始了。快找個位子坐下。
Hey, Bonds, move it. Dooley's right on my tail. We better get to our seats FAST.	嘿，Bonds，快點。Dooley 就在我後面。我們最好立刻坐好。
Hey, Bonds, move it. Dooley's right on my tail. We better get to our seats FAST.	嘿，Bonds，快點。Dooley 就在我後面。我們最好立刻坐好。
Bonds what the heck do you want!? This day's been treating me like a baby treats a diaper and I'm in no mood for your weirdness. Now sit DOWN!	Bonds，你到底想幹嘛！？今天糟得像嬰兒對待尿布，我沒心情理你的怪事。現在坐下！
You're cute, Bonds, but I'm not in the mood to dance. SIT YOUR BUTT DOWN!!!	你很可愛，Bonds，但我沒心情跳舞。給我坐下！
Good morning, boys and girls. I trust you all had fun this weekend. I hope you didn't do anything I wouldn't do, haw haw haw!	早安，各位。我相信大家週末都玩得愉快。希望你們沒做什麼連我都不敢做的事，哈、哈、哈！
Okay, it's time to get serious.	好了，現在進入正題。
Sergeant Dooley clears his throat and goes over the daily hot sheet of stolen vehicles.	Dooley 警佐清了清喉嚨，開始講解今日的失竊車輛快報。
Keep a special lookout for a black 1983 Mercedes Benz, license LOP123, VIN 603456218. This vehicle was reported stolen last week. We suspect it may be drug-related. Speaking of drugs, be sure to contact any and all informants who may know something about current developments in local drug trafficking. control, people.	特別留意一輛黑色 1983 年 Mercedes Benz，車牌 LOP123，車身識別碼 603456218。這輛車上週報失竊，我們懷疑與毒品有關。說到毒品，務必聯絡所有可能知道本地毒品交易最新動向的線人。保持警覺，各位。
This problem is out of hand, people. Three more teenagers were arrested last night for drunk driving. Two of them were in possession of cocaine, and all three of them tested positive for it. That's pretty grim news, team. We're not doing our jobs. We all have to work together on this, before it's too late.	情況已經失控了。昨晚又有三名青少年因酒駕被捕，其中兩人持有可卡因，三人的檢測結果都呈陽性。這消息很不妙。我們沒有做好工作，必須一起在事情無法挽回前處理它。
Let's get out there and clean things up, boys and girls! And please, everybody be careful out there. This is a lot rougher crowd than we're used to dealing with in little old Lytton. We've got to get their numbers...before they get ours.	各位，出去把事情收拾乾淨！還有，所有人務必小心。這群人比我們在小小 Lytton 平常對付的對象兇狠得多。我們得先掌握他們的人數……免得他們先來掌握我們的。
Speaking of numbers, Bonds, your new call number is 83-32. And don't let that newspaper article make your head swell. It would make too big of a target, haw haw haw! Okay, let's get moving. Remember, caution, boys and girls, caution!	說到編號，Bonds，你的新呼號是 83-32。別讓報紙那篇文章沖昏頭，那會讓你成為太醒目的目標，哈、哈、哈！好了，開始行動。記住：小心，各位，小心！
Bummer, Bonds. Your refusal to sit down and shut up cost you a two week suspension. Your partner Steve caught the drug dealers, got a promotion, and married Marie in Police Quest 3. Life sure can suck.	真糟，Bonds。你拒絕坐下閉嘴，結果被停職兩週。你的搭檔 Steve 抓到了毒販、升了官，還在《警察故事 3》裡娶了 Marie。人生真夠慘。
The hand-written note says: Sonny, how's about a 11-98 at Carol's later in the shift? Steve.	手寫便條寫著：「Sonny，這班晚點要不要在 Carol 家來個 11-98？Steve。」
You discard the note, smiling. You always look forward to chatting with Steve.	你笑著丟掉便條。你總是期待和 Steve 聊聊。
This is the briefing room. Each shift begins with a briefing.	這是簡報室。每一班勤務都從簡報開始。
From: Lt. Morgan To: Sgt. Dooley Re: Officer Sonny Bonds	寄件者：Morgan 中尉　收件者：Dooley 警佐　主旨：Sonny Bonds 警官
This is to confirm the temporary transfer of Officer Sonny Bonds from the Traffic division to the Narcotics division. We feel that his assistance in the Death Angel case would be most invaluable. This transfer will remain in effect until further notice. I realize that this may inconvenience you, and I appreciate your cooperation. Thank you.	茲確認 Sonny Bonds 警官暫時由交通科調往緝毒科。我們認為他的協助對死亡天使案件極為重要。此調動在另行通知前有效。我知道這可能造成不便，感謝你的配合。謝謝。
You quickly put the memo back on the Sergeant's desk. You grin inwardly...it's great to get some new responsibilities and, at the same time, get out from under Dooley's thumb. You can hardly wait to get started!	你迅速把備忘錄放回警佐桌上。你暗自微笑……能承擔新責任，同時擺脫 Dooley 的控制，真是太好了。你等不及要開始了！
This is Evidence Lockup. Physical evidence is deposited here for analysis and safekeeping.	這是證物保管室。實體證物會存放在此，供分析與保管。
Hey, Russ. I need to see the black book we took as evidence in the Hoffman bust.	嘿，Russ。我想看看 Hoffman 案中作為證物帶回來的黑色記事本。
It's the black appointment book you and Jack took as evidence in the Hoffman bust.	這是你和 Jack 在 Hoffman 案中帶回來的黑色約會記事本。
You begin flipping through the pages, reading Hoffman's notes to himself. His handwriting is scratchy and hard to read, but you decipher it. You're used to reading memos from Sergeant Dooley, after all. Hmm, this is some pretty interesting stuff...	你開始翻閱頁面，閱讀 Hoffman 寫給自己的筆記。他的字跡潦草難讀，但你還是辨認出來了。畢竟你早就習慣讀 Dooley 警佐的備忘錄。嗯，這些內容相當有意思……
"$2,000 col. R.G. Monday."	「週一，R.G. 收取 2,000 美元。」
"Set up H.D. gambling."	「安排 H.D. 賭局。」
"Blackjack 4:00. Bring chips."	「四點玩二十一點。帶籌碼。」
"Initiate plan for dealer R.O."	「啟動 R.O. 發牌員計畫。」
"Meet J.M. & L.W. Wed 7:00."	「週三七點與 J.M.、L.W. 見面。」
"Cindy $100.00"	「Cindy，100 美元。」
"Pick up ammo, eggs, milk, coffee."	「領取彈藥、雞蛋、牛奶、咖啡。」
"Meet N/W boss 8:30."	「八點半與 N/W 老大見面。」
"3:00 Lunch, Robert G."	「三點與 Robert G. 共進午餐。」
"Shake up Ratty Bob and Big Jim!"	「教訓 Ratty Bob 和 Big Jim！」
"Terminate L.W. and J.M."	「除掉 L.W. 和 J.M.」
"Sunday poker with J.B."	「週日與 J.B. 打撲克。」
"Evaluate East Coast profit margin. Call East Coast."	「評估東岸利潤。致電東岸。」
"Meet Gutless Wonder."	「與 Gutless Wonder 見面。」
"Initiate Plan 3 IMMEDIATELY."	「立即啟動第三號計畫。」
Russ, I need to take a look at the piece we confiscated from Hoffman.	Russ，我想看看我們從 Hoffman 那裡沒收的物品。
It's the Smith and Wesson .45 pistol confiscated from Hoffman. It's a double action stainless steel beauty. It's not so beautiful if you're on the business end of it, however.	這是從 Hoffman 那裡沒收的 Smith and Wesson .45 手槍。它是漂亮的不鏽鋼雙動式手槍；不過若槍口對著你，就沒那麼漂亮了。
You check the serial number on Hoffman's Smith and Wesson .45 automatic. The number is 97649.	你查看 Hoffman 的 Smith and Wesson .45 自動手槍序號：97649。
Items are checked into Evidence through this slot, or they may be retrieved for review.	證物可由這個窗口入庫，也可以取出查閱。
All the evidence for that case is already on the counter.	該案件的所有證物都已放在櫃台上。
You give the book back to Russ.	你把記事本還給 Russ。
You give the gun back to Russ.	你把槍還給 Russ。
Officer Russ Dinkle handles evidence materials. He's singing under his breath, as usual.	Russ Dinkle 警官負責管理證物。他和往常一樣低聲哼著歌。
I need to check some evidence, Russ. 'Less you're on another one of your two-hour donut breaks.	Russ，我要查一些證物。除非你又在享受兩小時甜甜圈休息時間。
Smartass. What's the case number?	油嘴滑舌。案件編號是多少？
Go bother someone else, Sonny. I'm on a donut break.	去煩別人吧，Sonny。我正在吃甜甜圈休息。
Hope you found what you were lookin' for, guy. See ya!	希望你找到要找的東西，老兄。回頭見！
Sorry, guy, I can't help you unless you've got the case number.	抱歉，老兄，沒有案件編號我幫不了你。
Sure, guy. Just like always, you can't take it anywhere. You've gotta look at it here.	當然，老兄。和往常一樣，你不能把它帶走，只能在這裡查看。
Here you are, Sonny. Enjoy.	給你，Sonny。慢慢看。
I got two items for that case, Sonny. Do you want the revolver or the black book?	那個案件有兩件證物，Sonny。你要左輪手槍還是黑色記事本？
