"Take a look at this," says Angland. "We just received a fax from Chicago that includes the mug shots of one Jessie Bains."	Angland 說：「看看這個。我們剛收到芝加哥傳真，裡面有 Jessie Bains 的嫌犯照片。」
Although the fax is rather fuzzy, you have the feeling that you've seen this face before.	雖然傳真相當模糊，但你覺得以前見過這張臉。
"Oh, you!" giggles Sweet Cheeks, "that's all you ever think about!"	Sweet Cheeks 咯咯笑：「哎呀，你真是的！你整天只想這個！」
This hotel has no room service!	這間飯店沒有客房服務！
Your hands are now clean.	你的手現在乾淨了。
You're clean enough for this job!	你已經乾淨到足以執行這項任務！
"Oh, honey," says Sweet Cheeks, "I'd be afraid to stay here all alone!"	Sweet Cheeks 說：「喔，親愛的，我才不敢一個人待在這裡！」
"Ok. Coming right up."	「好，馬上來。」
He's the kind of guy you'd expect to find working the bar in a place like this.	他就是你預期會在這種地方吧台工作的那種人。
The tables look ordinary, except for the wear of years of serious drinking.	桌子看起來很普通，只是多年豪飲留下了磨損。
Sweet Cheeks is her normal, outgoing, bubbly self. She has dressed to the nines for her assignment, and is wearing an enticing perfume.	Sweet Cheeks 和平常一樣外向活潑。她為任務精心打扮，身上噴著誘人的香水。
Around the dimly-lit lounge, people sit at tables. Behind the bar stands the bartender.	昏暗的酒廊裡，人們坐在桌旁。酒保站在吧台後。
Constructed in the late 1800's, imported from France, this bar has had enough beverage passed across it to float the City of Lytton in alcohol.	這座吧台建於十九世紀末、從法國進口，流過的飲料多到足以讓 Lytton 市漂在酒精上。
The walls are adorned in an attractive fashion.	牆壁裝飾得很漂亮。
The only door is that darling, little, red, padded, vinyl number over there.	唯一的門就是那扇可愛、小巧、紅色、有軟墊的乙烯基門。
Sweet Cheeks pretends she has just noticed you. "Whitey, is that YOU?" she shouts.	Sweet Cheeks 假裝剛注意到你，喊道：「Whitey，是你嗎？」
"Oh, Whitey, it's so good to see you," says Sweet Cheeks, playing her role to the hilt. "It's been such a long, long time!"	Sweet Cheeks 演技十足地說：「喔，Whitey，很高興見到你。真的好久好久不見了！」
"Come on, Cheeks," you say, "let's sit at that table over there."	你說：「來吧，Cheeks，我們坐那邊那張桌子。」
"Here you are, sir," says the bartender. "That'll be five dollars, please."	酒保說：「給您，先生。請付五美元。」
You slip a marked hundred from your wallet and hand it to the bartender.	你從錢包取出一張做過記號的百元鈔，交給酒保。
"Thank you, sir," he says. "I'll be right back with your change."	他說：「謝謝，先生。我馬上拿零錢回來。」
"You know, Sonny," says Sweet Cheeks softly, "I've seen four guys go in that door since I got here!"	Sweet Cheeks 輕聲說：「你知道嗎，Sonny，自從我來這裡，已經看到四個人走進那扇門！」
"Here is your change, sir."	「這是您的零錢，先生。」
"Well, how about it, Sweet Cheeks?" the bartender says. "Are you going to introduce me to your new friend?"	酒保說：「怎麼樣，Sweet Cheeks？你不介紹你的新朋友給我嗎？」
"Woody, I'd like you to meet Jimmy Lee Banksten, but everyone I know calls him 'Whitey,'" says Sweet Cheeks. "Whitey's a dear, old friend that I haven't seen for over a year."	Sweet Cheeks 說：「Woody，介紹 Jimmy Lee Banksten 給你認識，不過我認識的人都叫他『Whitey』。Whitey 是我親愛的老朋友，我超過一年沒見過他了。」
The bartender asks you what you do for a living. "I'm presently unemployed; just taking it easy, you know. Enjoying life, and looking for a good time," you tell him.	酒保問你以什麼為生。你告訴他：「我目前失業；只是放鬆一下，你知道的。享受生活，找點樂子。」
"I just finished doing a little time for embezzlement and haven't had a chance to land a job yet," you tell Woody. Acting surprised at your slip, you lower your voice and say, "but I'd sure appreciate your keeping that information under your hat, ok?" Woody assures you that you can trust him.	你告訴 Woody：「我剛因挪用公款服完一點刑，還沒機會找到工作。」你裝作對失言感到驚訝，壓低聲音說：「但我很感謝你替我保密，好嗎？」Woody 保證你可以信任他。
Sweet Cheeks returns. Even after the drinks, and your conversation with the bartender, Woody Roberts is tight-lipped about any back room gambling.	Sweet Cheeks 回來了。即使喝了酒、和酒保聊過，Woody Roberts 對後房賭局仍守口如瓶。
"Say, Sweet Cheeks," you say loudly. "How'd you like to go to Vegas with me for the weekend?" Sweet Cheeks acts quite excited as she accepts your offer.	你大聲說：「Sweet Cheeks，你想不想週末和我去 Vegas？」Sweet Cheeks 接受邀請時顯得非常興奮。
Just before leaving the cocktail lounge, you ask Sweet Cheeks to remain at the table, while you try to get Woody to open up.	離開雞尾酒廊前，你請 Sweet Cheeks 留在桌旁，自己試著讓 Woody 開口。
You slip the bartender a twenty... and then, it happens!	你塞給酒保二十美元……接著，事情發生了！
In a suddenly soft voice, the bartender asks, "Whitey, exactly what are you looking for in the way of a good time?"	酒保突然用柔和的聲音問：「Whitey，你到底想找什麼樂子？」
"Just about anything," you tell him, "but women, gambling, and money top the list."	你告訴他：「幾乎什麼都行，但女人、賭博和錢排在最前面。」
"Well, Whitey," Woody whispers, "there IS a little card game in our back room that is available by invitation only. It's pretty serious; it'll cost ya two hundred just to get into the game."	Woody 低聲說：「Whitey，我們後房確實有個小牌局，只接受邀請。那是很認真的牌局；光入場就要兩百美元。」
He continues, "If you think you can handle it, come back a little later with the two hundred, and I'll see what I can do for ya." With your heart pounding, you offer him your thanks, and assure him you'll be right back after you finish with Sweet Cheeks.	他繼續說：「如果你覺得能應付，晚點帶兩百美元回來，我看看能為你做什麼。」你心跳加速，向他道謝，並保證和 Sweet Cheeks 完事後馬上回來。
"Gee! Thanks, Mac!"	「哎呀！謝了，老兄！」
Woody says, "If you decide you want a drink, I'm at your service.	Woody 說：「如果你決定想喝一杯，我隨時為你服務。
"Hey, Whitey," says Sweet Cheeks. "When you've been walkin' the streets as long as I have, you don't need to climb stairs! What'cha say we take the elevator?"	Sweet Cheeks 說：「嘿，Whitey，像我一樣在街上走這麼久，就不需要爬樓梯！我們搭電梯如何？」
It would benefit you to stay put for the moment.	你目前最好留在原地。
"Here you go, Sir. That'll be on the house!"	「給您，先生。這杯算我請客！」
"So, you want to try your luck," says Woody. "Come on, Whitey. Follow me."	Woody 說：「所以你想試試運氣。」他又說：「來吧，Whitey，跟我走。」
Sweet Cheeks says, "Baby, you can go in that ol' storeroom if you want to, but I'm gonna wait out here!"	Sweet Cheeks 說：「寶貝，你想進那間老儲藏室就去吧，但我會在外面等！」
"Nice to see you again, Mr. Banksten. Please, follow me."	「很高興再見到您，Banksten 先生。請跟我來。」
"Just one moment, Sir."	「請稍等，先生。」
Push on it.	推它。
OK. You do!	好，你推了！
This is private property. It's locked; don't mess with it!	這是私人財產。它鎖著；別亂動！
There are no empty stools at the bar.	吧台沒有空凳子。
This is no time to fool around. Sweet Cheeks is nervously watching your every move.	現在不是胡鬧的時候。Sweet Cheeks 緊張地看著你的一舉一動。
"Excuse me, sir, but I'd rather you not sit in my lap. REALLY, dahrling! Some people!"	「不好意思，先生，但我不想讓你坐在我腿上。真的，親愛的！有些人真是的！」
Great idea: make yourself unnoticed by sitting on the floor!	好主意：坐在地板上讓自己不被注意！
You have to buy one first.	你得先買一個。
It seems no one notices you.	似乎沒有人注意到你。
"Come back later, if you want in the big game."	「想參加大牌局就晚點再回來。」
"Some people!!"	「真是的！！」
The floor is covered by a plush, red carpet.	地板鋪著柔軟的紅地毯。
